"","year","month","H_PRCP","H_TAVG","MEI","PDO","IOD","AO1","PDO1","my.sunspot.vec","F_PRCP","F_TAVG"
"156",1963,1,4.39,58.9,-0.718,-0.33,0.514,-3.311,0.485397192058397,19.8,2.16,42.2
"157",1963,2,2.89,62,-0.837,-0.16,0.579,-1.721,0.74095438147414,24.4,2.01,56.4
"158",1963,3,15.64,60.1,-0.675,-0.54,0.371,0.724,0.94862586528151,17.1,2.1,53.3
"159",1963,4,33.81,60.1,-0.768,-0.41,0.139,-0.348,0.948099724941161,29.3,3.67,55.9
"160",1963,5,8.72,59.8,-0.48,-0.65,-0.11,0.771,0.577793088645299,43,0.39,67.6
"161",1963,6,6.63,60.9,-0.112,-0.88,-0.043,-0.585,-0.051216908426417,35.9,0.03,73.2
"162",1963,7,9.37,62.2,0.403,-1,0.52,-0.303,-1.09884921965994,19.6,0,78.5
"163",1963,8,4.98,62.1,0.611,-1.03,0.764,-0.625,-1.85077992907677,33.2,0.01,78.2
"164",1963,9,5.67,63.9,0.778,0.45,0.459,0.083,-1.42499250714265,38.8,0.15,76.5
"165",1963,10,3.34,62.4,0.848,-0.52,0.797,1.069,-0.739913764754696,35.3,0.95,65.4
"166",1963,11,5.29,60.7,0.866,-2.08,0.576,-0.419,-4.20736349629177e-05,23.4,2.54,52.1
"167",1963,12,1.84,60.3,0.765,-1.08,0.165,-1.178,0.405336231356819,14.9,0.27,40
"168",1964,1,12.94,58.1,0.878,0.01,-0.277,0.385,0.76140680319419,15.3,0.67,43.8
"169",1964,2,17.17,56.9,0.481,-0.21,-0.506,-0.575,0.955658272760248,17.7,0,47.4
"170",1964,3,25.15,57.7,-0.256,-0.87,-0.145,-0.558,0.996336342798243,16.5,1.27,51.3
"171",1964,4,8.56,58,-0.562,-1.03,-0.032,0.663,0.912972455429131,8.6,0.5,58.8
"172",1964,5,23.36,58.8,-1.249,-1.91,-0.306,1.174,0.441294230408819,9.5,0.35,64.9
"173",1964,6,3.85,62.7,-1.113,-0.32,-0.135,0.142,-0.256387115095838,9.1,0.06,73.3
"174",1964,7,2.79,62.7,-1.386,-0.51,-0.511,0.734,-1.11552283852368,3.1,0,80.9
"175",1964,8,3.81,62.4,-1.476,-1.03,-0.378,-1.207,-1.93586545904914,9.3,0.25,78.9
"176",1964,9,6.65,62,-1.284,-0.68,-0.588,-0.227,-1.81088242568806,4.7,0,71
"177",1964,10,3.75,61.3,-1.196,-0.37,-0.645,0.342,-0.989220972909772,6.1,1.23,68.2
"178",1964,11,14.19,59.9,-1.211,-0.8,-0.013,-0.344,-0.293155186990532,7.4,1.49,51.2
"179",1964,12,10.06,60.6,-0.907,-1.52,0.055,-0.246,0.0740139194949165,15.1,2.63,48.9
"180",1965,1,7.79,58.6,-0.536,-1.24,-0.145,-1.046,0.440898791093498,17.5,1.05,46.3
"181",1965,2,6.17,54.8,-0.329,-1.16,-0.266,-2.084,0.767782554250329,14.3,0.43,49.5
"182",1965,3,8.58,56.8,-0.259,0.04,-0.018,-0.905,0.906001565779665,11.7,2.39,55.5
"183",1965,4,12.86,59.3,0.063,0.62,-0.088,0.568,0.841592715476499,6.8,1.75,60.8
"184",1965,5,15.73,61.8,0.474,-0.66,-0.321,-0.153,0.566403968774459,24.1,0,67.4
"185",1965,6,4.73,60.7,0.895,-0.8,-0.273,0.038,-0.0306084511676835,15.9,0,71.4
"186",1965,7,2.94,62.5,1.366,-0.47,-0.161,-0.51,-0.963923358500252,11.9,0,78.8
"187",1965,8,2.39,62.6,1.452,0.2,0.05,-0.255,-1.54450963290779,8.9,0.02,78.8
"188",1965,9,7.04,63.9,1.43,0.59,0.184,-0.698,-1.5181206982256,16.8,0,68.6
"189",1965,10,5.58,62.5,1.25,-0.36,0.384,0.394,-0.727447684511094,20.1,0.3,65.7
"190",1965,11,18.4,61.3,1.378,-0.59,0.032,-1.341,0.0755773863795053,15.8,2.7,54.7
"191",1965,12,11.24,56.7,1.27,0.06,-0.065,0.163,0.593300915005222,17,1.73,42
"192",1966,1,5.08,57.1,1.307,-0.82,-0.05,-3.232,0.824574154822527,28.2,0.53,43.4
"193",1966,2,8.1,57.1,1.186,-0.03,0.019,-1.438,1.09900852391741,24.4,0.54,47.2
"194",1966,3,4.84,58.9,0.689,-1.29,-0.178,-0.911,1.28517359531637,25.3,0.01,56.3
"195",1966,4,5.47,58.5,0.506,0.06,-0.237,-1.837,1.14551657038816,48.7,0.15,65.5
"196",1966,5,6.37,61.5,-0.178,-0.53,-0.209,1.124,0.708781594614851,45.3,0.1,70.9
"197",1966,6,5.7,61.6,-0.169,0.16,0.089,0.408,0.101444516633114,47.7,0.07,76.3
"198",1966,7,7.45,62,-0.116,0.26,0.305,0.011,-0.810038167611215,56.7,0.03,78.2
"199",1966,8,4.49,63.7,0.171,-0.35,0.419,-0.945,-1.58357761571672,51.2,0,80.9
"200",1966,9,7.5,63.8,-0.06,-0.33,0.483,0.011,-1.44803420017556,50.2,0.03,72.8
"201",1966,10,8.37,62.8,-0.018,-1.17,0.07,-1.077,-0.766751846892126,57.2,0,64.8
"202",1966,11,26.12,61,0.022,-1.15,-0.097,0.111,-0.104685084236085,57.2,1.57,56.9
"203",1966,12,11.87,59.5,-0.181,-0.32,-0.011,-1.401,0.279445302372063,70.4,3.04,45.2
"204",1967,1,5.36,56.8,-0.462,-0.2,-0.047,-0.576,0.627988869992907,110.9,2.2,46
"205",1967,2,8.16,58.1,-0.898,-0.18,0.117,1.18,0.883792621054321,93.6,0.22,48.9
"206",1967,3,10.67,59,-1.05,-1.2,0.415,1.967,1.00209721121659,111.8,3.15,54.4
"207",1967,4,13.28,59.5,-1.037,-0.89,-0.075,1.7,0.969634401419493,69.5,4.41,52.6
"208",1967,5,6.98,61.8,-0.453,-1.24,0.04,0.127,0.507242462159717,86.5,0.19,68.7
"209",1967,6,4.58,62.7,-0.217,-1.16,0.241,0.647,-0.250918544722795,67.3,0.14,74.2
"210",1967,7,8.27,64.2,-0.489,-0.89,0.435,0.259,-1.23135477929583,91.5,0,83.8
"211",1967,8,12.59,64.1,-0.376,-1.24,0.407,-0.293,-2.02991691270926,107.2,0,83.6
"212",1967,9,2.34,63.9,-0.601,-0.72,0.514,0.133,-1.62179391633523,76.8,0,77.4
"213",1967,10,3.71,63.5,-0.655,-0.64,0.519,1.299,-0.873364897673495,88.2,0.07,65.9
"214",1967,11,23.22,59.8,-0.407,-0.05,0.277,0.334,-0.156070202621257,94.3,1.55,56.8
"215",1967,12,19.24,58.8,-0.357,-0.4,0.275,-0.347,0.265248605093421,126.4,1.04,42.6
"216",1968,1,15.24,57.5,-0.602,-0.95,0.389,-0.409,0.484848373904344,121.8,1.05,44.8
"217",1968,2,5.39,59.6,-0.727,-0.4,0.511,-2.154,0.721626069443835,111.9,1.1,55.8
"218",1968,3,6.63,59.5,-0.635,-0.31,0.32,1.741,0.84179137377329,92.2,1.49,55.8
"219",1968,4,19.85,59.9,-0.959,-1.03,0.259,0.328,0.808837580025966,81.2,0.7,61.5
"220",1968,5,6.55,61.9,-1.106,-0.53,0.084,-0.241,0.408978204127358,127.2,0.24,68.1
"221",1968,6,8.73,62.2,-0.777,-0.35,0.283,0.42,-0.069661037625402,110.3,0,77.9
"222",1968,7,5,63.5,-0.503,0.53,-0.214,-0.836,-0.905064633470321,96.1,0,82.4
"223",1968,8,4.75,63.8,-0.087,0.19,-0.161,-0.671,-1.6499505673018,109.3,0,77.2
"224",1968,9,4.58,64.2,0.244,0.06,-0.347,-1.009,-1.40075141481298,117.2,0,73.7
"225",1968,10,6.47,63.9,0.46,-0.34,-0.155,-1.013,-0.627594452702116,107.7,1.54,63.3
"226",1968,11,4.51,62.5,0.607,-0.44,-0.185,-2.183,0.180204792440622,86,1.94,51.9
"227",1968,12,20.56,59.6,0.367,-1.27,0.014,-0.783,0.635710567225666,109.8,2.43,43.3
"228",1969,1,22.35,56.7,0.67,-1.26,0.023,-2.967,0.930371712284264,104.4,8.56,44.8
"229",1969,2,28.37,57.1,0.849,-0.95,0.019,-3.114,1.14401685257678,120.5,5.61,47.5
"230",1969,3,14.3,57.1,0.458,-0.5,0.23,-1.582,1.2482239298572,135.8,1.16,53
"231",1969,4,11.09,57.5,0.616,-0.44,0.15,0.438,1.18221092262956,106.8,1.64,59.6
"232",1969,5,5.01,60.4,0.681,-0.2,0.055,-0.72,0.879452357869324,120,0.06,70.4
"233",1969,6,1.94,62.6,0.823,0.89,-0.409,-0.348,0.266336098144808,106,0.04,72.8
"234",1969,7,9.13,63,0.49,0.1,-0.093,0.41,-0.950181824452927,96.8,0.04,80.9
"235",1969,8,10.59,63.1,0.232,-0.81,-0.054,-0.782,-1.69271564928867,98,0,79.6
"236",1969,9,5.18,62.3,0.2,-0.66,0.13,-0.083,-1.37979299041328,91.3,0.04,75.7
"237",1969,10,2,63,0.537,1.12,0.17,0.098,-0.446555216001104,95.7,0.06,59.6
"238",1969,11,6.24,60.5,0.683,0.15,0.253,0.326,0.175115485964181,93.5,0.8,53.1
"239",1969,12,3.76,59.6,0.417,1.38,0.139,-1.856,0.635415217186425,97.9,1.14,46.2
"240",1970,1,3.41,59.9,0.38,0.61,0.482,-2.412,0.964293044350046,111.5,3.83,49.1
"241",1970,2,0.95,57.3,0.432,0.43,0.505,-1.325,1.10767730702678,127.8,1.28,52.6
"242",1970,3,3.36,57.6,0.228,1.33,0.231,-2.084,1.15907121143363,102.9,1.65,55.3
"243",1970,4,15.8,58.8,0,0.43,0.412,0.302,1.0711798531338,109.5,0.21,57
"244",1970,5,15.5,61.5,-0.097,-0.49,0.391,0.531,0.656791800975534,127.5,0,70.8
"245",1970,6,2.94,62,-0.608,0.06,-0.182,0.875,-0.0358995644048473,106.8,0.08,76.5
"246",1970,7,5.91,62.1,-1.053,-0.68,-0.262,0.139,-1.03436662776238,112.5,0,83.2
"247",1970,8,5.61,63,-0.995,-1.63,-0.059,-0.263,-1.86572453760168,93,0,79.8
"248",1970,9,4.57,62.6,-1.226,-1.67,-0.218,0.03,-1.83976932496137,99.5,0,72.9
"249",1970,10,5.13,62.5,-1.068,-1.39,-0.263,0.098,-1.20179857331623,86.6,0.01,63.4
"250",1970,11,9.76,61.2,-1.063,-0.8,-0.039,0.378,-0.437150515895879,95.2,2.3,55.4
"251",1970,12,34.26,56.9,-1.203,-0.97,-0.006,-0.399,-0.0690078500776284,83.5,2.51,46.3
"252",1971,1,29.09,58.2,-1.204,-1.9,0.378,-0.163,0.211978738163405,91.3,0.4,45.6
"253",1971,2,4.85,58.2,-1.507,-1.74,0.191,-0.922,0.466280648234541,79,0.29,47.6
"254",1971,3,13.39,57.8,-1.79,-1.68,0.372,-1.091,0.682934564869341,60.7,0.58,54.3
"255",1971,4,12.79,59.2,-1.87,-1.59,0.441,-0.583,0.710688781578668,71.8,1.04,59
"256",1971,5,6.77,58.9,-1.444,-1.55,0.145,0.679,0.508343795533827,57.5,1.4,64.2
"257",1971,6,1.32,60.6,-1.392,-1.55,-0.025,-0.668,-0.194067484627641,49.8,0,74.4
"258",1971,7,6.25,61.9,-1.206,-2.2,-0.041,-0.578,-1.326519539907,81,0,81.9
"259",1971,8,1.86,62.2,-1.201,-0.15,-0.243,0.818,-1.8702517954036,61.4,0,81.1
"260",1971,9,4.63,62.6,-1.439,0.21,-0.357,0.153,-1.58003696959217,50.2,0.04,73.4
"261",1971,10,8.2034796633639,60.5948586774776,-1.399,-0.22,-0.25,1.185,-0.958745002066294,51.7,0.03,60.9
"262",1971,11,10.0383322145948,59.7774967171625,-1.301,-1.25,0.281,0.419,-0.301796210992186,63.2,0.65,50.6
"263",1971,12,22.97,56.4,-0.969,-1.87,0.443,0.824,0.0571679629112661,82.2,2.57,42.9
"264",1972,1,12.28,56.3,-0.575,-1.99,0.33,0.166,0.510628895926077,61.5,0.37,40.6
"265",1972,2,6.75,57.8380559462647,-0.398,-1.83,-0.035,-0.195,0.822742416813676,88.4,0.67,52.4
"266",1972,3,4.9,59.9,-0.256,-2.09,0.194,-0.141,1.04646465904819,80.1,0,60.7
"267",1972,4,16.1,58,-0.171,-1.65,0.32,1.007,0.982240121011233,63.2,0.27,61
"268",1972,5,4.28,59.5,0.428,-1.57,0.366,0.14,0.609672423044256,80.5,0.15,69.9
"269",1972,6,4.93,61.4,0.995,-1.87,0.939,-0.049,-0.0758859707624862,88,0.6,77.5
"270",1972,7,5.59,61.5,1.824,-0.83,1.012,-0.553,-0.998633610119304,76.5,0,81.5
"271",1972,8,5.96,63.6,1.828,0.25,0.807,-0.082,-1.5567997905503,76.8,0,79.7
"272",1972,9,3.19,63.2,1.574,0.17,0.742,-0.92,-1.35080130499585,64,0.29,71.7
"273",1972,10,5.93,63.3,1.667,0.11,0.69,0.392,-0.588580516451739,61.3,0.22,62.6
"274",1972,11,12.93,60.1,1.74,0.57,0.92,-0.38,0.198889656590407,41.6,3.5,50.1
"275",1972,12,4.8,58.5,1.787,-0.33,0.694,1.238,0.532464758067818,45.3,1.41,40.9
"276",1973,1,2.81,58.1,1.723,-0.46,0.223,1.232,0.910532210825082,43.4,1.91,45
"277",1973,2,2.38,55.4,1.515,-0.61,0.105,0.786,1.0620813593264,42.9,3.69,51.9
"278",1973,3,19.03,57.1,0.87,-0.5,0.161,0.537,1.17565380243452,46,2.85,50.4
"279",1973,4,7.08,57.2,0.473,-0.69,0.081,-1.126,0.946727794499797,57.7,0.09,61.1
"280",1973,5,5.54,58.1,-0.096,-0.76,0.297,0.073,0.600758227465975,42.4,0,72.9
"281",1973,6,3.19,60.5,-0.728,-0.97,-0.018,0.531,-0.118852667390315,39.5,0,78.6
"282",1973,7,1.89,62.7,-1.057,-0.57,-0.184,0.27,-1.01219257205147,23.1,0,80.4
"283",1973,8,1.79,62.7,-1.323,-1.14,-0.302,0.313,-1.85405915285061,25.6,0,78.4
"284",1973,9,6.94,62.3,-1.712,-0.51,-0.381,0.114,-1.70050151514128,59.3,0,72
"285",1973,10,5.12,61.5,-1.65,-0.87,-0.055,0.337,-1.09975390537714,30.7,1.02,63.2
"286",1973,11,18.41,60.5,-1.482,-1.81,0.121,0.002,-0.473707374468381,23.9,1.39,52.9
"287",1973,12,18.12,59.6,-1.826,-0.76,0.287,-0.181,0.00227377386250738,23.3,1.74,47.2
"288",1974,1,6.12,60.8,-1.912,-1.22,0.468,0.232,0.198540629207068,27.6,2.82,47.9
"289",1974,2,7.37,58.6,-1.768,-1.65,0.341,-0.489,0.496987752663205,26,0.25,49.1
"290",1974,3,17.56,59.6,-1.743,-0.9,0.418,-0.746,0.796290521763458,21.3,2.56,56.3
"291",1974,4,19.73,60,-1.643,-0.52,0.144,0.309,0.832589594503512,40.3,0.64,60
"292",1974,5,6.51,60.6,-1.061,-0.28,-0.026,-0.507,0.467889260488546,39.5,0,69.4
"293",1974,6,4.96,61.7,-0.663,-0.31,0.18,-0.048,-0.173464378387444,36,0,77.6
"294",1974,7,3.17,61.9,-0.751,-0.08,0.063,0.39,-1.1904055348619,55.8,0,81.2
"295",1974,8,2.39,63.6,-0.649,0.27,-0.201,-0.533,-1.77881275111118,33.6,0,79.3
"296",1974,9,2.78,63.1,-0.599,0.44,-0.272,-0.136,-1.74897034960145,40.2,0,77.5
"297",1974,10,6.96,62.5,-1.031,-0.1,-0.459,-1.024,-1.13030233065354,47.1,1.44,66
"298",1974,11,10.86,59.5,-1.23,0.43,-0.274,-0.435,-0.159146045076182,25,0.34,53.1
"299",1974,12,21.3,58,-0.886,-0.12,-0.124,0.556,0.317444899863534,20.5,1.26,44.5
"300",1975,1,34.65,56.7,-0.522,-0.84,-0.177,1.595,0.560036402512852,18.9,0.69,43.4
"301",1975,2,12.37,57.2,-0.576,-0.71,-0.067,0.194,0.738807162662717,11.5,0.97,49.8
"302",1975,3,12.16,56.1,-0.85,-0.51,-0.29,0.151,0.904338651838903,11.5,2.44,51.5
"303",1975,4,12.22,57.1,-0.959,-1.3,0.284,0.409,0.788762399482915,5.1,0.55,53.9
"304",1975,5,4.63,57.7,-0.841,-1.02,0.281,-0.614,0.455391962776234,9,0,68.4
"305",1975,6,2.52,59.2,-1.115,-1.16,0.261,-0.323,-0.271458886741306,11.4,0,74.7
"306",1975,7,3.15,60.7,-1.498,-0.4,0.264,0.345,-1.28184863137906,28.2,0,78.1
"307",1975,8,3.07,61.8,-1.704,-1.07,-0.052,0.13,-2.01079525951724,39.7,0.05,75.8
"308",1975,9,3.37,61.3,-1.853,-1.23,-0.469,1.278,-2.02789288771126,13.9,0.22,75.8
"309",1975,10,7.83,61,-1.968,-1.29,-0.671,0.138,-1.36715655035509,9.1,1.07,61.4
"310",1975,11,15.17,60.1,-1.748,-2.08,-0.065,0.619,-0.583203071921507,19.4,0.2,49.5
"311",1975,12,3.05,58.4,-1.732,-1.61,0.059,1.29,-0.0700956327440742,7.8,0.14,43.9
"312",1976,1,25.02,57.7,-1.587,-1.14,0.195,0.034,0.301418965414019,8.1,0.04,44.2
"313",1976,2,28.17,55.9,-1.366,-1.85,0.26,1.656,0.586780192373088,4.3,4.73,49.5
"314",1976,3,15.43,57.7,-1.213,-0.96,0.184,0.587,0.891652259110743,21.9,0.44,52.4
"315",1976,4,13.91,56.5,-1.18,-0.89,0.318,0.44,1.00383507422062,18.8,0.93,57.2
"316",1976,5,6.13,58.2,-0.486,-0.68,0.21,0.06,0.684600371586591,12.4,0,69.7
"317",1976,6,2.55,59.2,0.306,-0.67,0.57,0.328,-0.0349250932208163,12.2,0.37,72.9
"318",1976,7,3.15,60.9,0.634,0.61,0.882,-0.325,-0.988444155187267,1.9,0.01,79.4
"319",1976,8,3.98,62.3,0.676,1.28,0.391,0.559,-1.52449691326982,16.4,0.21,72.6
"320",1976,9,2.46,63.5,1.064,0.82,0.161,-0.743,-1.33050591701336,13.5,1.19,72.2
"321",1976,10,6.84,61.9,0.978,1.11,0.137,-0.804,-0.482033158907711,20.6,1.55,65.1
"322",1976,11,4.63,59.8,0.511,1.25,0.08,-0.087,0.240659162385434,5.2,0.87,53.3
"323",1976,12,6.7,58.4,0.565,1.22,0.256,-2.074,0.560791946185995,15.3,0.71,46.5
"324",1977,1,1.89,58,0.529,1.65,0.18,-3.767,0.889023182168869,16.4,0.69,44.3
"325",1977,2,7.8,58.6,0.29,1.11,-0.076,-2.01,1.14171321120953,23.1,0.09,53.5
"326",1977,3,35.78,56.6,0.145,0.72,0.338,0.344,1.21004506483745,8.7,1.04,52.4
"327",1977,4,14.1,59.2,0.545,0.3,0.17,1.329,1.070962340218,12.9,0.04,65.4
"328",1977,5,5.7,59.5,0.318,0.31,-0.13,0.104,0.809712463820265,18.6,1.16,63.6
"329",1977,6,1.54,61.7,0.443,0.42,0.105,-0.226,0.0809592596377746,38.5,0.06,79.8
"330",1977,7,5.85,59.0532813573529,0.888,0.19,0.131,-0.492,-0.989494804695397,21.4,0,81.5
"331",1977,8,8.96,61.5,0.706,0.64,0.023,-1.412,-1.72282321128243,30.1,0,80.6
"332",1977,9,2.46,59.2845355447422,0.824,-0.55,0.114,0.586,-1.65427904802299,44,0,74
"333",1977,10,6.63,62.8,1.016,-0.61,0.602,-0.009,-0.876829484444293,43.8,0.01,66.8
"334",1977,11,3.31,60.7,0.99,-0.72,0.121,0.605,0.133371949576587,29.1,0.46,54.5
"335",1977,12,3.02,57.8,0.877,-0.69,0.193,-0.24,0.518903446200987,43.2,3.02,51.2
"336",1978,1,3.1,58.1,0.777,0.34,-0.451,-0.347,0.834396837781723,51.9,3.16,51.4
"337",1978,2,1.71,61.0271272285332,0.912,1.45,-0.35,-3.014,1.0446765929623,93.6,4.41,52.5
"338",1978,3,7.57,58.4,0.935,1.34,-0.418,0.502,1.16886066924824,76.5,4.25,60.3
"339",1978,4,7.55,60,0.191,1.29,-0.024,-0.967,0.988263831203532,99.7,2.85,58.9
"340",1978,5,8.65,62,-0.381,0.9,-0.327,0.059,0.707731011060507,82.7,0,69.9
"341",1978,6,7.21,61.9,-0.575,0.15,0.02,0.635,0.078881343067022,95.1,0,76.2
"342",1978,7,9.98,63.1,-0.421,-1.24,0.194,-0.604,-1.10880690616894,70.4,0,82.4
"343",1978,8,5.74,64.6,-0.182,-0.56,0.082,-0.354,-1.73868477192288,58.1,0,81.4
"344",1978,9,3.28,63.3,-0.364,-0.44,0.126,-0.099,-1.61183506252989,138.2,1.06,72.9
"345",1978,10,6.8,63.3,0.003,0.1,-0.122,0.895,-0.863943155615923,125.1,0,69.9
"346",1978,11,21.62,62,0.203,-0.07,-0.188,2.47,-0.127764122679958,97.9,1.35,52
"347",1978,12,12.63,56.9,0.406,-0.43,-0.029,-0.98,0.376015885582344,122.7,0.62,42.8
"348",1979,1,22.71,60.155520126819,0.608,-0.58,0.494,-2.233,0.707132267285364,166.6,2.72,47
"349",1979,2,54.63,56.7,0.379,-1.33,0.025,-0.697,0.915651965787807,137.5,2.53,51.4
"350",1979,3,5.31,57.8,0.002,0.3,0.13,-0.814,1.21779013696589,138,2.28,57.4
"351",1979,4,16.21,59.4,0.292,0.89,-0.015,-1.157,1.10228499122176,101.5,0.07,62.7
"352",1979,5,3.89,60.2,0.382,1.09,-0.234,-0.25,0.772135946545776,134.4,0.06,71.1
"353",1979,6,8.26,61.1,0.453,0.17,0.304,0.933,0.0347023557676128,149.5,0,77.9
"354",1979,7,2.16,63.6,0.397,0.84,-0.01,0.039,-0.980887649680051,159.4,0.08,82.2
"355",1979,8,2.55,64.6,0.637,0.52,0.063,-0.684,-1.68921135490611,142.2,0,79.9
"356",1979,9,1.65,65.3,0.801,1,0.103,-0.046,-1.47344959757789,188.4,0,79.5
"357",1979,10,6.67,64.7,0.694,1.06,0.063,-1.243,-0.548172814693309,186.2,0.48,67.7
"358",1979,11,15.12,61.8,0.759,0.48,0.015,0.475,0.155613091122905,183.3,1.02,53.9
"359",1979,12,2.72,61,1.004,-0.42,0.126,1.295,0.53365547476621,176.3,0.74,46.8
"360",1980,1,3.98,59,0.677,-0.11,0.025,-2.066,0.90401972229437,159.6,3.83,49.4
"361",1980,2,2.9,61.2,0.601,1.32,-0.021,-0.934,1.19778972656455,155,3.3,53.7
"362",1980,3,70.36,57.9,0.684,1.09,-0.251,-1.433,1.34638778530501,126.2,2.05,53.7
"363",1980,4,8.4,61.2,0.927,1.49,0.103,-0.419,1.30573599296834,164.1,0.25,61.8
"364",1980,5,6.89,62.1,0.966,1.2,0.148,-1.155,0.975432526160854,179.9,0.18,67.1
"365",1980,6,8.85,61.9,0.931,-0.22,-0.171,0.721,0.203696508503562,157.3,0,73.6
"366",1980,7,5.65,63.9,0.768,0.23,-0.339,-0.622,-0.927106666209603,136.3,0.01,83.9
"367",1980,8,4.2,63.8,0.349,0.51,-0.513,-0.185,-1.75242019502904,135.4,0,80.6
"368",1980,9,5.26,64.5,0.302,0.1,-0.35,0.313,-1.54330742708896,155,0,75.6
"369",1980,10,6.13,63.4,0.223,1.35,-0.282,-0.521,-0.522500994714803,164.7,0.03,68.4
"370",1980,11,6.93,62.1,0.27,0.37,-0.162,-1.361,0.185670537463649,147.9,0.14,54.1
"371",1980,12,2.46,61.2,0.111,-0.1,-0.264,-0.057,0.572615180223621,174.4,0.49,46.8
"372",1981,1,2.18,59.5,-0.25,0.59,-0.02,-0.116,0.779773419613997,114,2.67,47.9
"373",1981,2,8.12,58.9,-0.14,1.46,0.148,-0.332,0.989567719908292,141.3,1.29,52
"374",1981,3,6.04,58.2,0.455,0.99,0.186,-1.645,1.14296194899326,135.5,2.59,54.5
"375",1981,4,7.83,60,0.671,1.45,0.28,0.43,1.08475904757486,156.4,1.01,63.1
"376",1981,5,4.8,61.4,0.189,1.75,0.189,0.18,0.734797305391865,127.5,0,70.9
"377",1981,6,1.83,63.4,0.004,1.69,-0.032,-0.438,0.0329484480407486,90.9,0,82.8
"378",1981,7,2.47,63.8,-0.027,0.84,-0.247,0.561,-1.07364081873158,143.8,0,84.8
"379",1981,8,9.4,65.1,-0.072,0.18,-0.323,-0.244,-1.92559173950041,158.7,0,82.8
"380",1981,9,7.72,64.6,0.209,0.42,-0.363,-1.04,-1.53748646539101,167.3,0,76.5
"381",1981,10,5.17,62.5,0.132,0.18,-0.228,-1.167,-0.879908235110909,162.4,0.58,61.4
"382",1981,11,11.26,61,-0.021,0.8,-0.063,-0.188,-0.0619274319679112,137.5,1.22,55.4
"383",1981,12,24.83,58.2,-0.126,0.67,0.211,-1.216,0.605427901498024,150.1,0.66,47.7
"384",1982,1,16.84,57.8,-0.258,0.34,0.327,-0.883,0.854102472154319,111.2,2.11,41.7
"385",1982,2,3.11,59.8,-0.125,0.2,0.35,0.974,0.98969932271812,163.6,0.58,50.5
"386",1982,3,22.3,57.9,0.1,0.19,0.218,1.074,1.12921809176189,153.8,4.76,51.4
"387",1982,4,10.29,59.3,0.013,-0.19,0.312,1.454,1.14372234347633,122,0.89,58
"388",1982,5,7.31,60,0.445,-0.58,0.434,-0.209,0.824592648317502,82.2,0,69.3
"389",1982,6,5.83,64,0.947,-0.78,0.46,-1.18,0.179549190849907,110.4,0.31,72.9
"390",1982,7,16.74,64.2,1.613,0.58,0.574,0.005,-0.721772207833246,106.1,0,81
"391",1982,8,19.85,65,1.806,0.39,0.547,0.362,-1.50835809286846,107.6,0,80.4
"392",1982,9,7.12,63.5,1.835,0.84,0.82,0.558,-1.25724454450624,118.8,1.1,72.3
"393",1982,10,5.51,63,2.061,0.37,0.99,-0.211,-0.532887447410625,94.7,1.58,65
"394",1982,11,6.97,61.9,2.441,-0.25,0.541,0.661,0.0927057662272799,98.1,3.17,51.1
"395",1982,12,7.86,60.1,2.425,0.26,0.064,0.967,0.634036903674606,127,1.59,45.4
"396",1983,1,0.67,58.5,2.677,0.56,-0.297,1.359,0.984865313036248,84.3,5.14,45.2
"397",1983,2,0.73,58.5,2.931,1.14,-0.405,-1.806,1.16958376145688,51,3.7,53.1
"398",1983,3,1.02,58.4,3.008,2.11,-0.582,-0.567,1.24653017247171,66.5,4.53,55.9
"399",1983,4,7.26,58.5,2.808,1.87,-0.353,-0.738,1.19283635083113,80.7,2.76,57.9
"400",1983,5,9.11,59,2.538,1.8,0.157,-0.441,0.857516760230765,99.2,0.01,69.6
"401",1983,6,4.19,61.1,2.255,2.36,0.579,0.313,0.204207473096752,91.1,0,76.3
"402",1983,7,4.75,61.9,1.792,3.51,0.832,0.131,-0.817843156800717,82.2,0,79
"403",1983,8,7.76,62.9,1.184,1.85,0.642,1.098,-1.68242814685182,71.8,0.09,82.1
"404",1983,9,8.52,63.3,0.507,0.91,0.314,0.167,-1.66388406295008,50.3,1.03,78.8
"405",1983,10,7.18,61.4,0.056,0.96,0.089,1.369,-0.86800803368982,55.8,0.09,68.5
"406",1983,11,2.54,62,-0.115,1.02,-0.07,-0.688,-0.0945589027568541,33.4,2.51,54.6
"407",1983,12,9.41,60.5,-0.17,1.69,0.131,0.186,0.478063193052508,33.4,1.75,51.1
"408",1984,1,10.49,59.3,-0.314,1.5,-0.038,0.905,0.708817179704611,57,0.15,47.8
"409",1984,2,5.1,59.7,-0.509,1.21,0.033,-0.303,1.01920736397573,85.4,1.05,50.7
"410",1984,3,1.78,61.3,0.151,1.77,0.049,-2.386,1.14089453137857,83.5,0.48,58.4
"411",1984,4,13.84,60.3,0.373,1.52,0.252,-0.284,1.04703137083091,69.7,0.25,60.8
"412",1984,5,4.49,61.9,0.189,1.3,-0.083,0.479,0.720567625961189,76.4,0.02,74.8
"413",1984,6,3.77,62.1,-0.023,0.18,-0.143,0.007,-0.132015669852094,46.1,0.2,77.4
"414",1984,7,4.22,63.6,-0.054,-0.18,-0.049,0.019,-1.08451428838204,37.4,0,87
"415",1984,8,4.75,63.1,-0.138,-0.03,-0.194,0.466,-1.81033905852715,25.5,0,83.5
"416",1984,9,1.63,63.9,-0.085,0.67,-0.216,-0.413,-1.50362406122857,15.7,0,81
"417",1984,10,2.99,64.9,0.026,0.58,-0.272,-0.27,-0.823343027094029,12,0.7,62.4
"418",1984,11,22.74,61.6,-0.332,0.71,-0.148,-0.966,-0.125292137693187,22.8,1.94,53.6
"419",1984,12,17.35,59,-0.585,0.82,-0.046,0.446,0.315215766519209,18.7,1.98,46.5
"420",1985,1,2.13,58.2,-0.546,1.27,-0.278,-2.806,0.616548837188769,16.5,0.43,43.3
"421",1985,2,11.13,60.2298049616669,-0.576,0.94,-0.446,-1.44,0.833857794247815,15.9,0.71,51.2
"422",1985,3,30.63,56.4,-0.696,0.57,-0.37,0.551,0.908085151691993,17.2,1.73,53.1
"423",1985,4,7.59,57.9,-0.472,0.19,-0.007,0.652,0.8844917694273,16.2,0.12,67.1
"424",1985,5,11.29,61.9903719537018,-0.715,0,-0.01,-0.432,0.625391991139634,27.5,0,69.4
"425",1985,6,1.55,62.4,-0.14,0.18,-0.416,-0.347,0.0328991162088279,24.2,0.33,81.8
"426",1985,7,5.4,63.9,-0.126,1.07,-0.09,-0.39,-0.867968981794444,30.7,0.04,85.9
"427",1985,8,7.81,65,-0.35,0.81,-0.158,-0.001,-1.5097756511411,11.1,0.02,80.4
"428",1985,9,6.02,64.1,-0.508,0.44,0.144,0.114,-1.49276855047082,3.9,0.43,72.3
"429",1985,10,8.17,63.1,-0.119,0.29,-0.124,1.035,-0.794321380573534,18.6,0.85,65
"430",1985,11,5.18,61.7,-0.042,-0.75,0.338,-1.218,-0.181724628415405,16.2,3.03,52.5
"431",1985,12,2.5,60,-0.279,0.38,-0.191,-1.948,0.359326751005567,17.3,0.72,43.8
"432",1986,1,2.95,59.4,-0.293,1.12,0.073,-0.568,0.752143774999443,2.5,2.13,53.6
"433",1986,2,1.25,60.2,-0.183,1.61,0.044,-2.904,1.06380701746783,23.2,3.66,55.6
"434",1986,3,5.96,62.5,0.028,2.18,-0.034,1.931,1.24288976876011,15.1,3.42,60.3
"435",1986,4,33.92,60,-0.099,1.55,-0.089,0.103,1.09520528311261,18.5,0.36,62.7
"436",1986,5,6.81,62.1,0.355,1.16,0.058,0.367,0.705130235415719,13.7,0.16,71.2
"437",1986,6,7.8,62.5,0.301,0.89,-0.073,0.535,0.160377680078432,1.1,0,79.4
"438",1986,7,13.9,64.7,0.402,1.38,-0.242,-0.008,-0.749167173482877,18.1,0,81.9
"439",1986,8,8.64,66.5,0.787,0.22,-0.111,-0.826,-1.5768281341714,7.4,0,84.2
"440",1986,9,9.71,65.8,1.116,0.22,0.229,-0.023,-1.49220910104301,3.8,0.38,71.2
"441",1986,10,4.49,64.5,1.002,1,0.318,1.425,-0.667531064022691,35.4,0,66.9
"442",1986,11,23.06,62.5,0.89,1.77,0.015,0.926,0.0337719114975055,15.2,0.01,56.7
"443",1986,12,2.26,60.2,1.202,1.77,-0.052,0.06,0.549448932507141,6.8,2.31,47.4
"444",1987,1,6.83,58.3,1.249,1.88,0.097,-1.148,0.907078259820658,10.4,1.93,45.3
"445",1987,2,1.81,57.7,1.218,1.75,0.222,-1.473,1.20705868912773,2.4,1.36,52.7
"446",1987,3,4.04,61.8035456052555,1.716,2.1,0.024,-1.746,1.31067318571457,14.7,2.39,55.6
"447",1987,4,7.52,59.3,1.859,2.16,0.04,0.387,1.22025543839913,39.6,0.07,66.6
"448",1987,5,8.82,62.6406928846452,2.134,1.85,0.381,0.325,0.869159666390334,33,0.87,71.8
"449",1987,6,6.09,62.6,1.975,0.73,0.312,-0.71,0.21014146217995,17.4,0.01,78.4
"450",1987,7,7.77,63.6,1.878,2.01,0.508,-0.466,-0.582671444777598,33,0,77
"451",1987,8,1.91,65.2,2.003,2.83,0.585,-0.836,-1.2327076237766,38.7,0,80.2
"452",1987,9,6.73,65.8,1.905,2.44,0.766,0.287,-1.00051373585897,33.9,0,75.5
"453",1987,10,7.74,63.8,1.671,1.36,0.62,-0.08,-0.403150513858301,60.6,0.85,70.1
"454",1987,11,10.6,61.7,1.286,1.47,0.21,-0.536,0.354958841512856,39.9,0.52,52.3
"455",1987,12,28.41,60.9,1.293,1.27,0.377,-0.534,0.855331114332664,27.1,1.19,44.2
"456",1988,1,5.84,60.3,1.115,0.93,0.532,0.265,1.14808456191007,59,1.53,46
"457",1988,2,7.63,59.8,0.716,1.24,0.029,-1.066,1.29737273689614,40,0.83,52.2
"458",1988,3,7.22,59.5,0.495,1.42,-0.146,-0.197,1.38846433330343,76.2,0.27,56.7
"459",1988,4,6.01,59.6,0.387,0.94,0.07,-0.561,1.27534566448231,88,2.41,61.6
"460",1988,5,5.01,62.5,0.196,1.2,-0.293,-0.846,0.855395444667926,60.1,0.45,67
"461",1988,6,3.05,63.2,-0.556,0.74,-0.057,0.061,0.114329286711325,101.8,0.04,75.6
"462",1988,7,3.44,63.4,-1.107,0.64,0.163,-0.143,-0.961593603440002,113.8,0,85.5
"463",1988,8,7.9,64.5,-1.284,0.19,0.008,0.255,-1.70953306985953,111.6,0,81.2
"464",1988,9,3.67,64.5,-1.501,-0.37,-0.015,1.039,-1.58618101586751,120.1,0,76.3
"465",1988,10,5.38,64.8,-1.313,-0.1,-0.142,0.032,-1.01983732922927,125.1,0,68.7
"466",1988,11,19.94,63.4,-1.447,-0.02,0.089,-0.035,-0.267812785147923,125.1,1.42,54.3
"467",1988,12,13.24,60.8,-1.311,-0.43,0.391,1.679,0.137432209207427,179.2,2.45,44.5
"468",1989,1,26.53,58.4,-1.103,-0.95,-0.09,3.106,0.406561111298327,161.3,0.48,42.9
"469",1989,2,10.49,58.8,-1.241,-1.02,0.14,3.279,0.663327946951844,165.1,1.18,48.7
"470",1989,3,14.24,60.3,-1.035,-0.83,-0.149,1.53,0.884664583792906,131.4,2.24,57.9
"471",1989,4,10.74,59.8,-0.763,-0.32,-0.279,-0.25,0.910825429781406,130.6,0.05,67.2
"472",1989,5,14.85,61.4,-0.402,0.47,-0.375,0.889,0.631241261311658,138.5,0.89,69.5
"473",1989,6,7.87,63.2,-0.216,0.36,-0.566,0.345,-0.029667688708582,196.2,0,77
"474",1989,7,20.97,63.5,-0.429,0.83,-0.13,0.866,-1.02490363444253,126.9,0,82.5
"475",1989,8,4.93,64.3,-0.479,0.09,-0.014,0.551,-1.95964968121568,168.9,0.03,79.2
"476",1989,9,6.02,63.1,-0.287,0.05,0.162,0.703,-1.72915670858986,176.7,1.11,74.2
"477",1989,10,14.7,64.6,-0.319,-0.12,-0.035,0.991,-0.902943901723422,159.4,0.42,65.3
"478",1989,11,2.15,61.8,-0.058,-0.5,-0.076,0.034,-0.17158110875102,173,0.5,54.3
"479",1989,12,2.14,59.6,0.131,-0.21,0.058,-0.644,0.41282099308414,165.5,0,43.8
"480",1990,1,29.74,58.9,0.243,-0.3,0.076,1.001,0.776727624218307,177.3,2.82,45.5
"481",1990,2,20.85,60.8584497033403,0.573,-0.65,-0.11,3.402,1.09293238234468,130.5,1.33,48
"482",1990,3,11.89,58.1,0.951,-0.62,0.023,2.99,1.20512831153992,140.3,0.67,57.3
"483",1990,4,3.1,60.7,0.469,0.27,-0.19,1.879,1.12884478825732,140.3,0.92,65.7
"484",1990,5,6.26,60.8,0.658,0.44,-0.135,0.943,0.780038850008969,132.2,1.65,68.1
"485",1990,6,8.34,61.5,0.527,0.44,-0.361,0.304,0.0653939587812993,105.4,0,76.8
"486",1990,7,7.53,63.7,0.151,0.27,0.057,-0.296,-0.980644925638993,149.4,0,84
"487",1990,8,4.29,64.6,0.145,0.11,-0.094,-0.18,-1.54479618849937,200.3,0,80.6
"488",1990,9,14.18,64.6,0.398,0.38,0.198,-0.21,-1.46713957886905,125.2,0.15,75.8
"489",1990,10,10.52,62.5,0.303,-0.69,0.029,0.66,-0.729863958696627,145.5,0.05,67.7
"490",1990,11,46.7,62.3,0.4,-1.69,0.168,0.521,-0.0915680230818135,131.4,0.46,52.9
"491",1990,12,19.97,59.1,0.362,-2.23,0.229,1.277,0.323975829543764,129.7,0.68,41.4
"492",1991,1,4.62,58.5,0.319,-2.02,0.24,0.723,0.628712001870766,136.9,0.13,47
"493",1991,2,3.87,60.7,0.323,-1.19,0.074,-0.876,0.908988315345595,167.5,1.01,55.8
"494",1991,3,34.32,57.5,0.399,-0.74,0.122,-0.527,1.03975329280969,141.9,7.24,51.5
"495",1991,4,8.01,59.7,0.454,-1.01,0.475,0.53,1.10282120295567,140,0.02,59.5
"496",1991,5,6.28,61.5,0.748,-0.51,0.586,0.486,0.838435765182941,121.3,0.03,66.1
"497",1991,6,5.65,62.1,1.074,-1.47,0.461,-0.115,0.152005668072015,169.7,0,74.7
"498",1991,7,4.02,63.6,1.044,-0.1,0.566,-0.188,-0.762089506369758,173.7,0,83.7
"499",1991,8,10.5,65.6,1.031,0.36,0.343,0.797,-1.38862518542793,176.3,0,78.6
"500",1991,9,5.74,65.2,0.778,0.65,0.471,-0.112,-1.23490266469705,125.3,0,79.8
"501",1991,10,4.31,64.1,1.031,0.49,0.329,-0.252,-0.622561792571544,144.1,0.8,70.5
"502",1991,11,6.59,63.6,1.202,0.42,0.293,0.285,0.00024508378029791,108.2,0.04,55.8
"503",1991,12,17.11,59.7,1.34,0.09,0.294,1.613,0.490493573803181,144.4,1.22,47
"504",1992,1,2.13,58.2,1.747,0.05,-0.146,0.55,0.825603870918272,150,1.94,42.7
"505",1992,2,1.72,58.2,1.886,0.31,-0.215,1.122,1.10887390114369,161.1,4.73,55.5
"506",1992,3,3.09,58.9,1.985,0.67,-0.511,0.984,1.17033265606336,106.7,2.14,58.8
"507",1992,4,2.91,59.7534512650082,2.258,0.75,-0.359,-0.521,1.1250994438259,99.8,0.18,66.8
"508",1992,5,2.16,60.5270115321092,2.112,1.54,-0.334,1.341,0.768136997431575,73.8,0,76
"509",1992,6,6.42,63.5,1.75,1.26,-0.65,-0.302,0.068070969700112,65.2,0,76.9
"510",1992,7,8.85,64.6,1.048,1.9,-0.168,0.191,-0.781914712484723,85.7,0.22,81.2
"511",1992,8,7.64,64.9,0.58,1.44,-0.471,0.535,-1.38516389726007,64.5,0,83.2
"512",1992,9,10.46,66.3,0.518,0.83,-0.45,-0.64,-1.2398293802419,63.9,0,76.9
"513",1992,10,3.99,65.9,0.663,0.93,-0.254,-0.366,-0.553745531488538,88.7,2.19,68.6
"514",1992,11,20.41,64.1027580800463,0.595,0.93,-0.135,0.717,0.0874677947439524,91.8,0,54.2
"515",1992,12,16.68,60.4,0.664,0.53,-0.09,1.627,0.538642372566755,82.6,2.68,45.3
"516",1993,1,6.21,58.7,0.692,0.05,-0.02,3.495,0.743038016730642,59.3,5.18,47.1
"517",1993,2,1.55,57.3,0.99,0.19,0.209,0.184,1.01820962898098,91,2.44,51.9
"518",1993,3,3.1,59.3,0.987,0.76,-0.136,0.764,1.17442369452732,69.8,1.76,60.2
"519",1993,4,7.91,60.6,1.417,1.21,0.008,-0.435,1.16418435893761,62.2,0.2,61.7
"520",1993,5,5.2,60.5,2.019,2.13,0.186,-1.607,0.891207156311756,61.3,0.25,69.9
"521",1993,6,3.83,63.2,1.635,2.34,0.098,-0.52,0.115107451397383,49.8,1.61,75.7
"522",1993,7,16.74,63.4,1.206,2.35,0.149,-0.511,-0.926707666675876,57.9,0,80.2
"523",1993,8,6.56,64.8,1.05,2.69,-0.016,-0.393,-1.5154116093816,42.2,0,79.7
"524",1993,9,5.08,61.8273782443832,1.011,1.56,0.206,-0.361,-1.39428526536308,22.4,0,75.7
"525",1993,10,8.56,64.1,1.09,1.41,0.211,-0.565,-0.725270121550112,56.4,0.13,67.7
"526",1993,11,6.63,60.7,0.848,1.24,0.107,1.002,0.00263968701931572,35.6,1.17,53.9
"527",1993,12,11.33,58,0.595,1.07,0.016,-0.104,0.555417268396758,48.9,1.03,45.6
"528",1994,1,5.27,57.8,0.352,1.21,0.203,-0.288,0.8944787642497,57.8,1.15,46.9
"529",1994,2,16.83,60,0.193,0.59,0.035,-0.862,0.994016378725423,35.5,1.92,49.9
"530",1994,3,12.74,58.5,0.159,0.8,0.357,1.881,1.15192198663146,31.7,0.52,59.3
"531",1994,4,8.26,60,0.473,1.05,0.532,0.225,1.14030039853394,16.1,1.36,63.2
"532",1994,5,4.85,61.1,0.585,1.23,0.746,-0.115,0.870336053555908,17.8,1.3,68.4
"533",1994,6,7.3,62.9,0.819,0.46,0.629,1.606,0.120908978164991,28,0,77.7
"534",1994,7,7.73,65.7,0.907,0.06,0.85,0.351,-0.894743672366234,35.1,0,83.3
"535",1994,8,13.52,65.4,0.783,-0.79,1.09,0.828,-1.73510567313545,22.5,0,82.3
"536",1994,9,12.57,65.1,0.931,-1.36,0.903,-0.084,-1.62275526360979,25.7,0.2,75.3
"537",1994,10,7.07,63.8,1.437,-1.32,1.063,0.174,-0.791646815984822,44,0.77,64.7
"538",1994,11,33.78,60.5,1.312,-1.96,0.546,1.779,-0.0501405469692466,18,1.57,48.1
"539",1994,12,7.24,58.6,1.251,-1.79,0.488,0.894,0.432512194090513,26.2,1.33,45.3
"540",1995,1,13.22,58.3,1.219,-0.49,0.316,-0.154,0.867333809919778,24.2,5.43,51.9
"541",1995,2,0.94,59.5,0.959,0.46,0.334,1.429,1.20530816631418,29.9,0.94,54.1
"542",1995,3,2.91,60.3,0.845,0.75,0.112,0.393,1.29524394713587,31.1,5.89,56.2
"543",1995,4,8.26,60.4,0.469,0.83,-0.024,-0.963,1.29922301876943,14,1.09,60.7
"544",1995,5,5.35,61.1,0.576,1.46,-0.038,-0.891,0.880670726393331,14.5,1.19,66.2
"545",1995,6,2.88,62.4,0.53,1.27,0.129,-0.112,0.296443662095926,15.6,0.66,73.3
"546",1995,7,6.16,63.5,0.234,1.71,0.138,-0.217,-0.783410298658377,14.5,0.01,80.6
"547",1995,8,8.39,64.1,-0.13,0.21,0.154,0.544,-1.61698528847925,14.3,0,82.5
"548",1995,9,3.45,64.1,-0.416,1.16,0.204,-0.549,-1.43142295851638,11.8,0,76.3
"549",1995,10,4.7,63.1,-0.461,0.47,0.011,0.075,-0.678944086083989,21.1,0,66.7
"550",1995,11,6.99,62.9,-0.463,-0.28,-0.027,-0.723,-0.0623568159169311,9,0,58.7
"551",1995,12,3.32,61.3,-0.537,0.16,0.317,-2.127,0.398651694143367,10,2.08,50.5
"552",1996,1,17.1,59.8,-0.597,0.59,0.16,-1.2,0.686252361357624,11.5,2.08,48.3
"553",1996,2,21.19,58,-0.566,0.75,0.152,0.163,0.917686302599398,4.4,3.57,54.3
"554",1996,3,16.29,58.9,-0.236,1.01,0.087,-1.483,1.05049495985024,9.2,1.52,57.2
"555",1996,4,6.16,62.2,-0.386,1.46,-0.167,-1.525,0.983442134915341,4.8,1.17,63.6
"556",1996,5,3.17,63.7,-0.044,2.18,-0.049,-0.226,0.678495748639436,5.5,0.38,69.9
"557",1996,6,4.62,64.4,0.111,1.1,-0.185,0.497,-0.0166774804236162,11.8,0.08,77.7
"558",1996,7,7.43,64.3,-0.173,0.77,-0.333,0.715,-0.976007899348273,8.2,0,85.4
"559",1996,8,1.95,65,-0.358,-0.14,-0.381,0.125,-1.71336389191306,14.4,0,83.4
"560",1996,9,3.53,64.3,-0.426,0.24,-0.327,-1.14,-1.50091231121064,1.6,0,74.7
"561",1996,10,9.05,64.7,-0.338,-0.33,-0.729,0.183,-0.745672506359046,0.9,1.97,64.1
"562",1996,11,25.41,62.6,-0.134,0.09,-0.528,0.136,-0.0353498034359578,17.9,1.94,53.9
"563",1996,12,11.65,59.6,-0.325,-0.03,-0.187,-1.721,0.419806628643999,13.3,4.28,49.1
"564",1997,1,5.7,59.7,-0.48,0.23,0.079,-0.457,0.704023869290191,5.7,3.53,48.6
"565",1997,2,7.49,59,-0.605,0.28,0.254,1.889,0.912756180572977,7.6,0.17,50.3
"566",1997,3,18.54,59.9,-0.248,0.65,0.205,1.091,1.20075194430316,8.7,0.1,59.9
"567",1997,4,3.7,60.1,0.543,1.05,0.245,0.324,1.15482834753096,15.5,0,63.5
"568",1997,5,5.88,62.1,1.14,1.83,0.241,-0.961,0.863177513815473,18.5,0,75.3
"569",1997,6,17.96,63.5,2.287,2.76,0.291,-0.815,0.175964007666879,12.7,0.01,75.8
"570",1997,7,18.53,64.6,2.827,2.35,0.755,-0.431,-0.843393078665116,10.4,0,81.3
"571",1997,8,4.77,64.8,3.037,2.79,0.927,0.121,-1.48470292017917,24.4,0,80.6
"572",1997,9,6.03,65.2,3.057,2.19,1.143,0.195,-1.35231421103002,51.3,0.15,77.3
"573",1997,10,6.22,64.1,2.423,1.61,1.24,-0.7,-0.509972826434318,22.8,0.07,63.8
"574",1997,11,6.48,61.6,2.551,1.12,1.528,-0.661,0.211961008449855,39,2.67,56.9
"575",1997,12,6.62,58.5,2.344,0.67,1.085,-0.071,0.801170325111791,41.2,0.99,44.7
"576",1998,1,0.64,58.5,2.455,0.83,0.696,-2.081,1.02748018670127,31.9,3.41,49
"577",1998,2,1.31,58.7,2.777,1.56,0.602,-0.183,1.21304420605427,40.3,4.91,50
"578",1998,3,5.21,60,2.751,2.01,0.117,-0.254,1.29411942220568,54.8,3.44,55.5
"579",1998,4,13.89,58.4,2.661,1.27,0.248,-0.038,1.22818650679649,53.4,1.26,59
"580",1998,5,12.9,59.3,2.237,0.7,0.356,0.429,0.867145322823392,56.3,1.37,62
"581",1998,6,7.09,62,1.356,0.4,0.359,-0.711,-0.0590606481707057,70.7,1.93,71.5
"582",1998,7,1.7,62.9,0.392,-0.04,-0.064,-0.212,-1.19685379541808,66.6,0,82.1
"583",1998,8,4.91,64.2,-0.319,-0.22,-0.266,0.65,-1.96148560934079,92.2,0,84
"584",1998,9,4.21,63.3,-0.6,-1.21,-0.1,-1.05,-1.70508783413359,92.9,0.15,75.8
"585",1998,10,7.59,63,-0.789,-1.39,-0.356,0.294,-1.08780493752223,55.5,0.16,63.1
"586",1998,11,12.19,60.9,-1.069,-0.52,-0.38,-1.449,-0.231529027742929,74,0.43,53
"587",1998,12,12.42,58.3,-0.908,-0.44,-0.103,1.353,0.385143006130941,81.9,0.62,42.8
"588",1999,1,12.43,58.6,-1.039,-0.32,0.062,0.11,0.561183532852977,62,2.82,44.7
"589",1999,2,19.1,57.4,-1.123,-0.66,0.152,0.482,0.766109612033894,66.3,1.19,49.9
"590",1999,3,13.18,57.5,-0.95,-0.33,0.276,-1.492,1.01367495974772,68.8,0.48,53.5
"591",1999,4,11.47,58.5,-0.903,-0.41,0.194,0.284,0.995114711910455,63.7,0.93,58.5
"592",1999,5,3.03,60.9,-0.601,-0.68,0.032,0.226,0.662701552432295,106.4,0.03,68
"593",1999,6,2.69,61.3,-0.31,-1.3,0.07,0.707,-0.110796020515668,137.7,0.2,75.9
"594",1999,7,1.37,62.5,-0.477,-0.66,0.416,-0.002,-1.14278788652198,113.5,0,80.5
"595",1999,8,3.81,62.9,-0.725,-0.96,0.314,-0.672,-1.90405715496218,93.7,0.01,78.3
"596",1999,9,3.69,62.1,-0.937,-1.53,0.331,0.059,-1.69204814482841,71.5,0,77.3
"597",1999,10,5,62.9,-0.954,-2.23,0.183,-0.006,-1.06554627652036,116.7,0,68.7
"598",1999,11,6.24,60.1,-1.031,-2.05,0.152,0.611,-0.31166360838417,133.2,0.48,56.9
"599",1999,12,16.06,59.1,-1.142,-1.63,0.082,1.043,0.202198615587702,84.6,0.03,47
"600",2000,1,10.5,56.7,-1.122,-2,0.062,1.27,0.476217532791341,90.1,3.15,50.1
"601",2000,2,0.99,59.5,-1.189,-0.83,0.174,1.076,0.867981563941529,112.9,6.12,53.8
"602",2000,3,6.99,59,-1.09,0.29,0.31,-0.451,1.06373697344275,138.5,1.35,56.4
"603",2000,4,4.62,58.3,-0.409,0.35,0.344,-0.279,0.914697130564552,125.5,1.16,64.1
"604",2000,5,2.37,61.8,0.257,-0.05,0.33,0.969,0.556425317833543,121.6,0.05,71
"605",2000,6,2.93,62.4,0.02,-0.44,0.189,0.586,-0.147134135848969,124.9,0.56,79.8
"606",2000,7,9.78,63.5,-0.157,-0.66,0.39,-0.649,-1.21867856746168,170.1,0,78.8
"607",2000,8,9.63,64.6,-0.129,-1.19,0.433,0.144,-1.93269654776169,130.5,0,81.2
"608",2000,9,5.92,63.7,-0.21,-1.24,0.293,0.395,-1.77561775096127,109.7,0.32,74.5
"609",2000,10,12.41,63.7,-0.367,-1.3,0.227,0.317,-0.993079713213887,99.4,2.45,63.9
"610",2000,11,13.12,61.7,-0.701,-0.53,-0.041,-1.581,-0.0538781878562969,106.8,0.01,49.2
"611",2000,12,2.24,60.3,-0.55,0.52,-0.017,-2.354,0.474285831709674,104.4,0.07,47.7
"612",2001,1,2.11,59.4,-0.496,0.6,-0.245,-0.959,0.862862031186035,95.6,2.67,46.1
"613",2001,2,20.4,58.2,-0.649,0.29,0.163,-0.622,1.06878633777813,80.6,2.23,48.7
"614",2001,3,6.32,58.6,-0.548,0.45,0.15,-1.687,1.23246234215094,113.5,0.96,58.7
"615",2001,4,19.15,59.2,-0.055,-0.31,0.333,0.906,1.13699635175183,107.7,1.87,58.6
"616",2001,5,3.85,60.9,0.288,-0.3,0.35,0.452,0.869318059618564,96.6,0,77.3
"617",2001,6,3.19,62.5,0.071,-0.47,0.334,-0.015,0.238322038769399,134,0,79.7
"618",2001,7,4.22,63.8,0.299,-1.31,0.17,-0.031,-0.953547637239218,81.8,0.08,81.6
"619",2001,8,4.88,65.2,0.35,-0.77,-0.001,0.521,-1.59873158705482,106.4,0,81.9
"620",2001,9,3.69,64.6,-0.147,-1.37,0.156,-0.707,-1.36205828633611,150.7,0,76.9
"621",2001,10,12.25,63,-0.255,-1.37,-0.075,0.707,-0.594787224718527,125.5,0.29,68.4
"622",2001,11,26,63.2,-0.138,-1.26,0.021,0.819,0.181472047282234,106.5,1.99,56.4
"623",2001,12,26.71,59.1,0.033,-0.93,0.171,-1.322,0.607893098258974,132.2,1.96,47.4
"624",2002,1,20.43,59.7,0.017,0.27,0.04,1.381,0.960275199661356,114.1,0.76,45
"625",2002,2,7.61,57,-0.16,-0.64,0.087,1.304,1.1988068914937,107.4,0.4,52.2
"626",2002,3,5.08,59.2,-0.118,-0.43,0.173,0.902,1.40570649538859,98.4,0.95,55
"627",2002,4,10.5,62.3,0.414,-0.32,-0.157,0.748,1.28920936454141,120.7,0.21,62.8
"628",2002,5,13.54,62.7,0.891,-0.63,-0.115,0.401,0.850539951293871,120.8,0.38,69.6
"629",2002,6,4.81,63,0.945,-0.35,0.019,0.573,0.264181033516727,88.3,0.02,78.1
"630",2002,7,5.32,64.5,0.716,-0.31,0.049,0.328,-0.710454590091942,99.6,0,84.1
"631",2002,8,6.2,64.8,1.025,0.6,0.084,-0.229,-1.45861305404,116.4,0,80
"632",2002,9,5.06,63.3,0.921,0.43,0.664,-0.043,-1.39057806239257,109.6,0,77.1
"633",2002,10,6.6,64.1,1.02,0.42,0.768,-1.489,-0.707230535917963,97.5,0,65.2
"634",2002,11,4.58209746213488,63.6723504708538,1.101,1.51,0.353,-1.425,0.238315580927702,95.5,1.78,56.2
"635",2002,12,4.33229110245312,63.1486706975272,1.156,2.1,0.065,-1.592,0.748494844066755,80.8,2.25,49.3
"636",2003,1,4.08248474277135,62.6249909242006,1.214,2.09,-0.063,-0.472,1.05711814342916,79.7,0.4,50.5
"637",2003,2,3.93,62.1013111508739,0.944,1.75,0.199,0.128,1.21287994375894,46,1.22,51.1
"638",2003,3,1.04,60.6,0.83,1.51,0.12,0.933,1.43567420251929,61.1,0.63,58
"639",2003,4,12.8,59.3,0.421,1.18,0.094,-0.178,1.3212025308761,60,2.84,58.6
"640",2003,5,4.34,62.1,0.214,0.89,0.051,1.017,0.834035827966717,54.6,0.68,69.4
"641",2003,6,4.6,63.2,0.131,0.68,0.344,-0.102,0.122259362520919,77.4,0,78.3
"642",2003,7,7.85,64.8,0.178,0.96,0.436,0.075,-0.814358342852508,83.3,0,86.4
"643",2003,8,6.29,64.8,0.329,0.88,0.4,-0.28,-1.52358900239737,72.7,0.04,81.4
"644",2003,9,11.34,64,0.492,0.01,0.32,0.467,-1.34045895426482,48.7,0,79.2
"645",2003,10,3.56,64.2,0.534,0.83,0.13,-0.67,-0.460389356216417,65.5,0,69.8
"646",2003,11,11.35,61.3,0.584,0.52,0.1,0.642,0.180589332435385,67.3,0.4,52.2
"647",2003,12,9.72,60.8,0.362,0.33,0.407,0.265,0.751461625964234,46.5,2.93,49.3
"648",2004,1,21.67,62.2501194442805,0.332,0.43,0.225,-1.686,1.02409636265816,37.3,0.88,46.5
"649",2004,2,6.81,61,0.37,0.48,0.293,-1.528,1.26684532465018,45.8,1.69,50.5
"650",2004,3,14.28,60.9,-0.036,0.61,0.248,0.318,1.32367046680721,49.1,1.54,62.5
"651",2004,4,15.04,60.7,0.374,0.57,0.116,-0.409,1.19095124578536,39.3,0.03,65.8
"652",2004,5,8,63.5,0.56,0.88,-0.347,-0.094,0.809401827769118,41.5,0.07,70.8
"653",2004,6,4.8,63.2,0.327,0.04,-0.182,-0.236,0.0253639587206226,43.2,0,77.4
"654",2004,7,3.85,64.2,0.574,0.44,0.007,-0.201,-0.940693811176879,51.1,0,83.3
"655",2004,8,8.13,65.5,0.639,0.85,0.159,-0.72,-1.60092826393871,40.9,0,81.3
"656",2004,9,1.75,65.1,0.591,0.75,0.273,0.855,-1.30132223410998,27.7,0,75.9
"657",2004,10,9.33,64.3,0.524,-0.11,0.365,-0.515,-0.634687480662018,48,2.45,64
"658",2004,11,9.34,62.6,0.818,-0.63,0.099,0.678,0.109253602768423,43.5,0.81,51.7
"659",2004,12,8.89,60,0.684,-0.17,0.091,1.23,0.721503664223741,17.9,3.16,46.5
"660",2005,1,10.08,60.3,0.325,0.44,0.055,0.356,1.0020911257957,31.3,2.42,47.4
"661",2005,2,13.36,58.6,0.816,0.81,-0.376,-1.271,1.16004718018627,29.2,2.31,54.4
"662",2005,3,13.85,60.5,1.057,1.36,-0.268,-1.348,1.31336382733192,24.5,2.51,57.8
"663",2005,4,9.34,60.2,0.637,1.03,0.277,-0.046,1.21730957511264,24.2,0.56,59.6
"664",2005,5,0.98,63.7,0.893,1.86,0.181,-0.763,0.826712065947251,42.7,1.62,69.4
"665",2005,6,7.17,62.8,0.612,1.17,0.029,-0.383,0.11134812399813,39.3,0.01,73.7
"666",2005,7,4.72,64.6,0.519,0.66,-0.073,-0.03,-0.972477872249993,40.1,0,86.8
"667",2005,8,8.57,64.1,0.362,0.25,-0.048,0.026,-1.68266043347256,36.4,0,84
"668",2005,9,14.33,65,0.329,-0.46,-0.152,0.802,-1.51683996006552,21.9,0.04,73.9
"669",2005,10,12.8,62.3,-0.152,-1.32,-0.061,0.03,-0.772146886804928,8.7,0.05,65.9
"670",2005,11,9.1,62,-0.374,-1.5,-0.009,0.228,-0.0901417586106028,18,0.17,57.5
"671",2005,12,1.61,61.1,-0.55,0.2,-0.068,-2.104,0.433240158453657,41.1,1.99,51
"672",2006,1,15.67,59.2,-0.428,1.03,0.056,-0.17,0.785490426543495,15.3,3.4,48.7
"673",2006,2,4.48,58.1,-0.414,0.66,-0.12,-0.156,1.03320290784255,4.9,0.54,52.4
"674",2006,3,34.15,59.5,-0.521,0.05,-0.06,-1.604,1.18344560727867,10.6,4.74,50.1
"675",2006,4,7.63,58.7,-0.575,0.4,0.181,0.138,1.23382889068473,30.2,3.28,59.7
"676",2006,5,16.93,59.9,0.043,0.48,0.003,0.156,0.939942632028528,22.3,0.36,71.9
"677",2006,6,2.94,62.9,0.546,1.04,0.145,1.071,0.150864284025768,13.9,0,80.6
"678",2006,7,5.48,64.1,0.718,0.35,0.344,0.103,-0.852093114662123,12.2,0,87.8
"679",2006,8,5.61,64.9,0.77,-0.65,0.52,-0.265,-1.62079058755309,12.9,0,80.1
"680",2006,9,5.25,63.7,0.84,-0.94,0.8,0.606,-1.43356627744178,14.4,0,75.8
"681",2006,10,12.09,64.3,0.976,-0.05,0.938,-1.029,-0.611041563574948,10.5,0.08,63.9
"682",2006,11,6.73,63.9,1.297,-0.22,0.754,0.521,0.0947985661711849,21.4,0.23,55.4
"683",2006,12,5.26,60.6,0.965,0.14,0.392,2.282,0.707236983244064,13.6,1.33,47.1
"684",2007,1,14.16,58.9,0.985,0.01,0.402,2.034,1.0707869399344,16.8,0.59,43.7
"685",2007,2,10.23,57.5,0.537,0.04,0.331,-1.307,1.20106162242118,10.7,2.29,51.4
"686",2007,3,6.08,59.5,0.125,-0.36,0.275,1.182,1.3506698818142,4.5,0.97,60.2
"687",2007,4,15.71,58.7,0.02,0.16,0.291,0.544,1.31153606549029,3.4,0.49,62.9
"688",2007,5,1.93,60.9,0.354,-0.1,0.483,0.894,0.941913970872082,11.7,0.05,71.5
"689",2007,6,4.22,62.6,-0.136,0.09,0.239,-0.555,0.227880955158468,12.1,0,77.9
"690",2007,7,6.86,64.5,-0.247,0.78,0.358,-0.397,-0.76593344524896,9.7,0,83.2
"691",2007,8,5.46,63.5,-0.427,0.5,0.533,-0.034,-1.59949647541814,6,0.02,82.8
"692",2007,9,5.94,64.1,-1.175,-0.36,0.616,0.179,-1.59516944944592,2.4,0.02,73.7
"693",2007,10,6.31,62.5,-1.204,-1.45,0.444,0.383,-0.890310905933223,0.9,0.2,64.4
"694",2007,11,7.51,62,-1.149,-1.08,0.241,-0.519,-0.207847780321466,1.7,0.09,57.3
"695",2007,12,40.41,59.3,-1.178,-0.58,0.004,0.821,0.290194547219758,10.1,2.31,45.4
"696",2008,1,5.39,57.1,-1.006,-1,0.303,0.819,0.46440552431997,3.3,3.32,46.9
"697",2008,2,31.81,58.4,-1.371,-0.77,0.112,0.938,0.69193728680139,2.1,2.12,51.1
"698",2008,3,4.54,59.7,-1.552,-0.71,0.269,0.586,0.956866202559023,9.3,0.02,56.9
"699",2008,4,4.93,60.8,-0.879,-1.52,0.041,-0.455,0.970880740744609,2.9,0,61.7
"700",2008,5,5.45,63.8,-0.349,-1.37,0.395,-1.205,0.681722198606284,3.2,0.3,70.3
"701",2008,6,1.84,62.3,0.164,-1.34,0.421,-0.09,-0.166899660569296,3.4,0,79.1
"702",2008,7,6.31,64.1,0.089,-1.67,0.551,-0.48,-1.27089330435067,0.8,0.01,83.8
"703",2008,8,2.96,63.8,-0.252,-1.7,0.417,-0.08,-1.89925309737951,0.5,0,84.1
"704",2008,9,1.99,62.8,-0.545,-1.55,0.467,-0.327,-1.74331099366666,1.1,0,78
"705",2008,10,3.76,62.7,-0.681,-1.76,0.403,1.676,-0.969044787865294,2.9,0.23,67.1
"706",2008,11,3.91,62,-0.584,-1.25,0.139,0.092,-0.204266143804441,4.1,1.37,57.5
"707",2008,12,17.89,59.5,-0.646,-0.87,0.174,0.648,0.335714119163429,0.8,1.09,44.9
"708",2009,1,5.59,58,-0.714,-1.4,0.218,0.8,0.574201301675909,1.3,1.02,47.7
"709",2009,2,5.51,60.3450583119886,-0.69,-1.55,0.348,-0.672,0.827702370757247,1.4,2.43,51.5
"710",2009,3,19.59,56.5,-0.705,-1.59,0.264,0.121,1.03768859714036,0.7,0.24,56
"711",2009,4,8.7,58.6,-0.105,-1.65,0.318,0.973,1.03655396560273,0.8,0.72,62
"712",2009,5,3.86,62.7,0.328,-0.88,0.468,1.194,0.798024764001337,2.9,0.46,75.3
"713",2009,6,6.19,63.2,0.779,-0.31,0.303,-1.351,0.1270600676825,2.9,0.2,75.7
"714",2009,7,7.11,63.9,1.06,-0.53,0.113,-1.356,-0.799029901555808,3.2,0,85
"715",2009,8,1.67,65.3,1.073,0.09,0.194,-0.054,-1.38318944242615,0,0,81.7
"716",2009,9,3.94,63.6,0.745,0.52,0.272,0.875,-1.08851511803678,4.3,0.01,79.7
"717",2009,10,6.23,64.9,0.924,0.27,0.355,-1.54,-0.442528646136743,4.8,1.39,63.6
"718",2009,11,3.99067582201823,62.1,1.134,-0.4,0.183,0.459,0.247574386420779,4.1,0.2,54.1
"719",2009,12,2.57,61.5,1.059,0.08,0.382,-3.413,0.761858787538574,10.8,2.41,47.2
"720",2010,1,0.78,59.8,1.066,0.83,0.473,-2.587,0.940689106086156,13.2,2.06,48.6
"721",2010,2,1.26,58.5,1.526,0.82,0.209,-4.266,1.14751678591876,18.8,2.95,52.2
"722",2010,3,7.98,58.2,1.462,0.44,0.628,-0.432,1.31487731926989,15.4,0.96,55.4
"723",2010,4,6.28,59.3,0.99,0.78,0.559,-0.275,1.33548325401052,8,2.19,57.7
"724",2010,5,2.7,61.6,0.668,0.62,0.181,-0.919,0.886939465355605,8.7,0.21,65.1
"725",2010,6,1.78,62.5,-0.211,-0.22,0.063,-0.013,0.0616907425477656,13.6,0,77.6
"726",2010,7,1.65,62.9,-1.099,-1.05,0.306,0.435,-1.16340842777152,16.1,0,83
"727",2010,8,1.25,63.6,-1.662,-1.27,0.241,-0.117,-1.96610887261527,19.6,0,79.9
"728",2010,9,4.05557274271221,63.1,-1.86,-1.61,0.117,-0.865,-1.95465209345779,25.2,0,76.9
"729",2010,10,4.18,62.9,-1.888,-1.06,-0.063,-0.467,-1.04391644602208,23.5,0.44,68
"730",2010,11,6.72,61.4,-1.472,-0.82,-0.221,-0.376,-0.339252245344172,21.5,1.8,53.8
"731",2010,12,9.43,60.5,-1.558,-1.21,0.021,-2.631,0.0399486123369892,14.4,5.92,50.9
"732",2011,1,4.56,61.7996739830262,-1.719,-0.92,0.373,-1.683,0.396605341140268,18.8,1.71,46.6
"733",2011,2,3.9,60.8,-1.544,-0.83,0.418,1.575,0.656018252514187,29.6,1.6,49.1
"734",2011,3,8.17,59.9,-1.554,-0.69,0.537,1.424,0.898212247326299,55.8,3.46,55.4
"735",2011,4,5.54,60.2,-1.399,-0.42,0.351,2.275,1.00699290789976,54.4,0.32,60.7
"736",2011,5,10.59,61.3,-0.202,-0.37,0.124,-0.035,0.698158128230948,41.6,0.35,65.1
"737",2011,6,5.13,62,0.016,-0.69,0.259,-0.858,-0.0132049046504438,37,1.91,74.9
"738",2011,7,1.85,61.8,-0.191,-1.86,0.53,-0.472,-1.24317875357061,43.8,0,82
"739",2011,8,2.58,63.2,-0.502,-1.74,0.643,-1.063,-2.08854194015847,50.6,0,82.4
"740",2011,9,2.68,62.1,-0.751,-1.79,0.579,0.665,-1.86896194501342,78,0,80.3
"741",2011,10,3.4,61.6,-0.917,-1.34,0.728,0.8,-1.05493258227728,88,0.9,68
"742",2011,11,10.28,59.8,-0.933,-2.33,0.592,1.459,-0.421596906010494,96.7,0.67,53.5
"743",2011,12,14.95,58.6,-0.945,-1.79,0.097,2.221,0.127583237306058,73,0,45.6
"744",2012,1,2.32,59.1,-0.98,-1.38,0.227,-0.22,0.52875926652173,58.3,1.38,49.3
"745",2012,2,12.66,58,-0.675,-0.85,0.1,-0.036,0.897741463560518,32.9,0.75,52.6
"746",2012,3,11.57,56.8,-0.382,-1.05,0.195,1.037,1.13484974876388,64.3,2.43,56.2
"747",2012,4,6.46,57.5620919171794,0.112,-0.27,-0.065,-0.035,1.12179942568696,55.2,2.02,63
"748",2012,5,5.22,59.1,0.769,-1.26,-0.124,0.168,0.775684510331503,69,0,72.3
"749",2012,6,5.86,59.1418066054061,0.866,-0.87,0.215,-0.672,0.101951884545035,64.5,0,77.8
"750",2012,7,4.28,60.6,1.128,-1.52,0.853,0.168,-1.02849772983187,66.5,0,83.4
"751",2012,8,4.89,61.4,0.628,-1.93,0.941,0.014,-1.70637857695051,63,0,86.5
"752",2012,9,5.3,60.3,0.351,-2.21,0.833,0.772,-1.5647688218412,61.4,0,81.3
"753",2012,10,1.3,61.4,0.097,-0.79,0.483,-1.514,-0.620760230733274,53.3,0.25,69.1
"754",2012,11,2.78,59.4283590830171,0.141,-0.59,0.16,-0.111,0.114385497590676,61.8,1.11,58.3
"755",2012,12,11.06,57.8,0.111,-0.48,0.488,-1.749,0.50448823894481,40.8,2.03,50.8
